Project,File_Name,LOC,Commits,Bugs_Reported,Last_Updated
NumPy,module_0.py,1967,143,12,2022-01-01
NumPy,module_1.py,1434,102,44,2022-01-02
NumPy,module_2.py,1811,335,14,2022-01-03
Django,module_3.py,429,102,48,2022-01-04
Pandas,module_4.py,352,302,16,2022-01-05
Requests,module_5.py,655,157,34,2022-01-06
Flask,module_6.py,1556,39,2,2022-01-07
Requests,module_7.py,1535,71,2,2022-01-08
Pandas,module_8.py,1710,109,38,2022-01-09
Flask,module_9.py,532,492,14,2022-01-10
Requests,module_10.py,1703,301,24,2022-01-11
Flask,module_11.py,489,382,34,2022-01-12
Requests,module_12.py,1038,224,5,2022-01-13
Flask,module_13.py,1979,22,22,2022-01-14
Django,module_14.py,591,368,34,2022-01-15
Flask,module_15.py,1203,6,34,2022-01-16
Flask,module_16.py,688,193,29,2022-01-17
Requests,module_17.py,1001,319,35,2022-01-18
Django,module_18.py,419,231,7,2022-01-19
Django,module_19.py,533,474,12,2022-01-20
Django,module_20.py,1831,434,47,2022-01-21
Django,module_21.py,452,48,41,2022-01-22
Pandas,module_22.py,822,224,21,2022-01-23
NumPy,module_23.py,172,14,46,2022-01-24
NumPy,module_24.py,1419,414,14,2022-01-25
Flask,module_25.py,700,277,36,2022-01-26
Pandas,module_26.py,1451,33,49,2022-01-27
Flask,module_27.py,1566,219,40,2022-01-28
Flask,module_28.py,1406,351,43,2022-01-29
Pandas,module_29.py,813,37,31,2022-01-30
Pandas,module_30.py,1764,222,0,2022-01-31
Pandas,module_31.py,1276,114,30,2022-02-01
Requests,module_32.py,421,349,33,2022-02-02
Django,module_33.py,445,319,47,2022-02-03
Django,module_34.py,1882,271,25,2022-02-04
Django,module_35.py,1756,394,49,2022-02-05
NumPy,module_36.py,324,72,46,2022-02-06
Django,module_37.py,940,317,4,2022-02-07
NumPy,module_38.py,1671,180,35,2022-02-08
NumPy,module_39.py,1516,482,31,2022-02-09
Pandas,module_40.py,461,82,44,2022-02-10
Django,module_41.py,232,201,5,2022-02-11
Django,module_42.py,1856,226,20,2022-02-12
NumPy,module_43.py,1442,158,9,2022-02-13
NumPy,module_44.py,1445,23,22,2022-02-14
Pandas,module_45.py,653,414,8,2022-02-15
Django,module_46.py,405,141,32,2022-02-16
NumPy,module_47.py,1102,459,41,2022-02-17
Django,module_48.py,1386,11,46,2022-02-18
Django,module_49.py,1574,201,4,2022-02-19
Flask,module_50.py,520,168,49,2022-02-20
Requests,module_51.py,1847,179,32,2022-02-21
Requests,module_52.py,1663,356,47,2022-02-22
Flask,module_53.py,677,291,6,2022-02-23
Pandas,module_54.py,1785,209,40,2022-02-24
Flask,module_55.py,457,376,30,2022-02-25
Requests,module_56.py,117,190,47,2022-02-26
Django,module_57.py,590,428,7,2022-02-27
Requests,module_58.py,1494,370,35,2022-02-28
Django,module_59.py,1041,179,46,2022-03-01
Flask,module_60.py,1962,422,9,2022-03-02
Django,module_61.py,1657,186,2,2022-03-03
Flask,module_62.py,1250,480,13,2022-03-04
Flask,module_63.py,762,290,21,2022-03-05
Pandas,module_64.py,151,446,38,2022-03-06
Django,module_65.py,433,408,48,2022-03-07
Pandas,module_66.py,1379,472,46,2022-03-08
Requests,module_67.py,503,214,43,2022-03-09
Django,module_68.py,1877,5,28,2022-03-10
Pandas,module_69.py,112,366,19,2022-03-11
Pandas,module_70.py,1394,352,47,2022-03-12
NumPy,module_71.py,531,213,8,2022-03-13
NumPy,module_72.py,1939,118,5,2022-03-14
Requests,module_73.py,122,36,6,2022-03-15
NumPy,module_74.py,1273,52,14,2022-03-16
Django,module_75.py,1170,319,42,2022-03-17
Pandas,module_76.py,729,56,28,2022-03-18
Flask,module_77.py,1958,463,35,2022-03-19
Pandas,module_78.py,1279,122,29,2022-03-20
Requests,module_79.py,306,81,28,2022-03-21
Pandas,module_80.py,87,215,28,2022-03-22
NumPy,module_81.py,119,303,0,2022-03-23
NumPy,module_82.py,159,102,46,2022-03-24
Flask,module_83.py,1531,375,7,2022-03-25
Requests,module_84.py,1707,400,42,2022-03-26
NumPy,module_85.py,638,207,45,2022-03-27
NumPy,module_86.py,849,22,27,2022-03-28
Django,module_87.py,1161,308,5,2022-03-29
NumPy,module_88.py,1369,268,35,2022-03-30
NumPy,module_89.py,463,22,44,2022-03-31
Flask,module_90.py,187,329,19,2022-04-01
Django,module_91.py,486,155,32,2022-04-02
Requests,module_92.py,1633,431,45,2022-04-03
Django,module_93.py,1753,370,36,2022-04-04
Flask,module_94.py,1138,56,48,2022-04-05
Django,module_95.py,1850,198,49,2022-04-06
Requests,module_96.py,1388,89,10,2022-04-07
Pandas,module_97.py,852,416,1,2022-04-08
Requests,module_98.py,1973,98,27,2022-04-09
NumPy,module_99.py,742,102,12,2022-04-10
NumPy,module_100.py,741,354,12,2022-04-11
NumPy,module_101.py,1196,99,45,2022-04-12
Flask,module_102.py,1572,218,14,2022-04-13
Requests,module_103.py,434,84,9,2022-04-14
Pandas,module_104.py,1128,326,41,2022-04-15
Pandas,module_105.py,459,338,11,2022-04-16
Flask,module_106.py,1121,412,24,2022-04-17
Requests,module_107.py,424,208,31,2022-04-18
NumPy,module_108.py,353,494,44,2022-04-19
NumPy,module_109.py,1787,446,1,2022-04-20
Pandas,module_110.py,1422,475,5,2022-04-21
Flask,module_111.py,1570,65,1,2022-04-22
Pandas,module_112.py,473,155,39,2022-04-23
Pandas,module_113.py,541,499,8,2022-04-24
Requests,module_114.py,1641,421,48,2022-04-25
NumPy,module_115.py,1210,210,37,2022-04-26
NumPy,module_116.py,879,350,1,2022-04-27
Requests,module_117.py,1017,449,32,2022-04-28
Pandas,module_118.py,827,420,39,2022-04-29
Flask,module_119.py,1391,3,19,2022-04-30
Requests,module_120.py,223,190,5,2022-05-01
NumPy,module_121.py,648,39,37,2022-05-02
Flask,module_122.py,474,127,36,2022-05-03
Flask,module_123.py,920,408,22,2022-05-04
Pandas,module_124.py,1729,387,14,2022-05-05
Requests,module_125.py,436,338,11,2022-05-06
NumPy,module_126.py,1333,385,3,2022-05-07
Pandas,module_127.py,298,424,4,2022-05-08
Flask,module_128.py,680,332,40,2022-05-09
Requests,module_129.py,343,409,12,2022-05-10
NumPy,module_130.py,1317,74,19,2022-05-11
Django,module_131.py,1060,53,47,2022-05-12
NumPy,module_132.py,899,488,23,2022-05-13
Requests,module_133.py,104,30,5,2022-05-14
NumPy,module_134.py,551,498,25,2022-05-15
Flask,module_135.py,1939,68,24,2022-05-16
Django,module_136.py,850,162,40,2022-05-17
Pandas,module_137.py,1297,458,32,2022-05-18
Django,module_138.py,1560,281,18,2022-05-19
NumPy,module_139.py,261,483,2,2022-05-20
Flask,module_140.py,1460,183,22,2022-05-21
Flask,module_141.py,685,124,16,2022-05-22
Flask,module_142.py,1507,159,23,2022-05-23
Django,module_143.py,1409,355,6,2022-05-24
Flask,module_144.py,1060,458,5,2022-05-25
NumPy,module_145.py,1417,198,45,2022-05-26
Requests,module_146.py,1745,247,36,2022-05-27
Flask,module_147.py,527,55,4,2022-05-28
Requests,module_148.py,283,346,49,2022-05-29
Django,module_149.py,476,272,40,2022-05-30
NumPy,module_150.py,1777,463,42,2022-05-31
Flask,module_151.py,1495,44,40,2022-06-01
Requests,module_152.py,275,408,5,2022-06-02
Django,module_153.py,1124,384,24,2022-06-03
Django,module_154.py,90,228,37,2022-06-04
Requests,module_155.py,952,431,34,2022-06-05
NumPy,module_156.py,432,433,48,2022-06-06
Flask,module_157.py,1941,469,18,2022-06-07
Requests,module_158.py,1739,21,38,2022-06-08
Django,module_159.py,1130,300,47,2022-06-09
Pandas,module_160.py,564,341,16,2022-06-10
Flask,module_161.py,349,191,7,2022-06-11
Requests,module_162.py,251,429,37,2022-06-12
Django,module_163.py,1283,423,23,2022-06-13
Django,module_164.py,1763,441,22,2022-06-14
Requests,module_165.py,1519,188,40,2022-06-15
Pandas,module_166.py,1010,384,1,2022-06-16
NumPy,module_167.py,1607,409,32,2022-06-17
Pandas,module_168.py,457,106,38,2022-06-18
NumPy,module_169.py,1096,481,25,2022-06-19
Requests,module_170.py,216,229,32,2022-06-20
Requests,module_171.py,1264,68,34,2022-06-21
Django,module_172.py,139,452,36,2022-06-22
Django,module_173.py,72,242,26,2022-06-23
Flask,module_174.py,1603,271,29,2022-06-24
NumPy,module_175.py,1765,27,41,2022-06-25
Pandas,module_176.py,533,364,2,2022-06-26
Flask,module_177.py,1211,193,2,2022-06-27
NumPy,module_178.py,1093,289,17,2022-06-28
Requests,module_179.py,1357,274,22,2022-06-29
Django,module_180.py,751,239,21,2022-06-30
Django,module_181.py,1151,176,25,2022-07-01
Flask,module_182.py,476,431,30,2022-07-02
NumPy,module_183.py,1495,289,15,2022-07-03
Flask,module_184.py,162,162,20,2022-07-04
Pandas,module_185.py,308,89,18,2022-07-05
Flask,module_186.py,320,111,25,2022-07-06
Flask,module_187.py,1487,86,5,2022-07-07
Pandas,module_188.py,1650,141,18,2022-07-08
Flask,module_189.py,474,457,25,2022-07-09
NumPy,module_190.py,677,453,41,2022-07-10
Pandas,module_191.py,1909,233,12,2022-07-11
Django,module_192.py,982,481,23,2022-07-12
Requests,module_193.py,883,490,1,2022-07-13
Django,module_194.py,949,337,5,2022-07-14
Django,module_195.py,550,453,34,2022-07-15
Pandas,module_196.py,216,374,12,2022-07-16
Django,module_197.py,529,247,41,2022-07-17
Django,module_198.py,213,274,28,2022-07-18
Flask,module_199.py,1572,266,34,2022-07-19
Pandas,module_200.py,1273,453,45,2022-07-20
Flask,module_201.py,867,387,27,2022-07-21
Pandas,module_202.py,63,496,41,2022-07-22
Django,module_203.py,898,119,18,2022-07-23
NumPy,module_204.py,1066,311,37,2022-07-24
Django,module_205.py,1504,331,2,2022-07-25
Requests,module_206.py,1053,491,31,2022-07-26
Pandas,module_207.py,1767,196,2,2022-07-27
Django,module_208.py,481,153,15,2022-07-28
Django,module_209.py,1856,468,2,2022-07-29
NumPy,module_210.py,1111,157,44,2022-07-30
Django,module_211.py,1322,425,20,2022-07-31
Requests,module_212.py,1736,283,49,2022-08-01
Requests,module_213.py,577,298,47,2022-08-02
Requests,module_214.py,449,381,25,2022-08-03
NumPy,module_215.py,1200,42,38,2022-08-04
Requests,module_216.py,1729,338,2,2022-08-05
Flask,module_217.py,1080,28,49,2022-08-06
Django,module_218.py,659,25,23,2022-08-07
NumPy,module_219.py,129,306,6,2022-08-08
NumPy,module_220.py,1910,488,18,2022-08-09
Pandas,module_221.py,1755,340,41,2022-08-10
Pandas,module_222.py,240,267,14,2022-08-11
Django,module_223.py,1862,379,34,2022-08-12
Requests,module_224.py,1902,252,4,2022-08-13
Pandas,module_225.py,253,299,8,2022-08-14
NumPy,module_226.py,979,58,13,2022-08-15
Flask,module_227.py,656,198,48,2022-08-16
NumPy,module_228.py,1775,288,45,2022-08-17
Flask,module_229.py,279,30,17,2022-08-18
Flask,module_230.py,1721,406,10,2022-08-19
Requests,module_231.py,1587,31,15,2022-08-20
NumPy,module_232.py,759,343,27,2022-08-21
NumPy,module_233.py,691,264,39,2022-08-22
Flask,module_234.py,505,22,29,2022-08-23
Pandas,module_235.py,820,219,49,2022-08-24
NumPy,module_236.py,1274,72,35,2022-08-25
Django,module_237.py,1296,50,14,2022-08-26
Pandas,module_238.py,1832,306,4,2022-08-27
Flask,module_239.py,1854,441,37,2022-08-28
Flask,module_240.py,873,305,26,2022-08-29
NumPy,module_241.py,448,404,34,2022-08-30
Django,module_242.py,534,249,21,2022-08-31
Pandas,module_243.py,1508,27,34,2022-09-01
Pandas,module_244.py,1339,115,8,2022-09-02
Flask,module_245.py,1922,25,2,2022-09-03
Requests,module_246.py,1431,298,46,2022-09-04
Pandas,module_247.py,810,445,3,2022-09-05
Pandas,module_248.py,76,306,5,2022-09-06
Pandas,module_249.py,1828,148,40,2022-09-07
NumPy,module_250.py,1923,20,32,2022-09-08
Django,module_251.py,721,175,3,2022-09-09
NumPy,module_252.py,571,185,43,2022-09-10
Requests,module_253.py,348,186,11,2022-09-11
Requests,module_254.py,1096,46,23,2022-09-12
Requests,module_255.py,224,466,2,2022-09-13
Pandas,module_256.py,1117,273,13,2022-09-14
Django,module_257.py,1987,109,42,2022-09-15
Django,module_258.py,1720,32,32,2022-09-16
Flask,module_259.py,53,382,27,2022-09-17
Flask,module_260.py,1245,123,32,2022-09-18
Pandas,module_261.py,441,7,6,2022-09-19
Requests,module_262.py,627,135,36,2022-09-20
Flask,module_263.py,1180,84,37,2022-09-21
Requests,module_264.py,293,11,38,2022-09-22
Django,module_265.py,1464,353,26,2022-09-23
Flask,module_266.py,1568,198,5,2022-09-24
Django,module_267.py,1662,69,1,2022-09-25
NumPy,module_268.py,178,456,48,2022-09-26
Django,module_269.py,146,443,33,2022-09-27
Requests,module_270.py,599,109,13,2022-09-28
Django,module_271.py,337,271,11,2022-09-29
Requests,module_272.py,339,311,5,2022-09-30
Pandas,module_273.py,1076,62,11,2022-10-01
Flask,module_274.py,158,173,26,2022-10-02
NumPy,module_275.py,1335,45,38,2022-10-03
NumPy,module_276.py,1597,165,34,2022-10-04
Flask,module_277.py,1917,288,20,2022-10-05
NumPy,module_278.py,1053,23,46,2022-10-06
NumPy,module_279.py,1084,369,3,2022-10-07
Requests,module_280.py,1587,227,47,2022-10-08
NumPy,module_281.py,1232,357,23,2022-10-09
Flask,module_282.py,1392,494,12,2022-10-10
Django,module_283.py,272,116,1,2022-10-11
Django,module_284.py,684,381,1,2022-10-12
Django,module_285.py,1268,343,49,2022-10-13
NumPy,module_286.py,931,497,25,2022-10-14
Django,module_287.py,170,492,38,2022-10-15
Django,module_288.py,1336,313,48,2022-10-16
Pandas,module_289.py,1775,210,40,2022-10-17
Flask,module_290.py,171,178,19,2022-10-18
Django,module_291.py,1423,485,41,2022-10-19
Django,module_292.py,1358,382,17,2022-10-20
Requests,module_293.py,1957,84,47,2022-10-21
NumPy,module_294.py,297,311,37,2022-10-22
Pandas,module_295.py,1151,63,4,2022-10-23
Flask,module_296.py,1193,429,41,2022-10-24
Pandas,module_297.py,1992,424,11,2022-10-25
Requests,module_298.py,943,431,13,2022-10-26
Flask,module_299.py,849,145,2,2022-10-27
NumPy,module_300.py,373,189,37,2022-10-28
Django,module_301.py,1781,442,17,2022-10-29
NumPy,module_302.py,1604,26,14,2022-10-30
Pandas,module_303.py,668,152,8,2022-10-31
NumPy,module_304.py,720,89,42,2022-11-01
Requests,module_305.py,1207,444,6,2022-11-02
Requests,module_306.py,432,203,14,2022-11-03
Flask,module_307.py,607,488,14,2022-11-04
Flask,module_308.py,1827,420,13,2022-11-05
NumPy,module_309.py,1282,357,35,2022-11-06
Pandas,module_310.py,1097,68,23,2022-11-07
Requests,module_311.py,504,315,36,2022-11-08
Flask,module_312.py,259,310,37,2022-11-09
Django,module_313.py,771,334,7,2022-11-10
Flask,module_314.py,1891,87,45,2022-11-11
Requests,module_315.py,1562,351,13,2022-11-12
Requests,module_316.py,1323,162,42,2022-11-13
Pandas,module_317.py,930,434,0,2022-11-14
Requests,module_318.py,903,195,6,2022-11-15
Requests,module_319.py,394,382,43,2022-11-16
Pandas,module_320.py,840,370,31,2022-11-17
Flask,module_321.py,152,378,24,2022-11-18
Pandas,module_322.py,1118,158,10,2022-11-19
NumPy,module_323.py,1487,214,4,2022-11-20
Django,module_324.py,1049,200,14,2022-11-21
NumPy,module_325.py,221,385,14,2022-11-22
Flask,module_326.py,1646,94,27,2022-11-23
Flask,module_327.py,1718,89,17,2022-11-24
Pandas,module_328.py,817,149,45,2022-11-25
Pandas,module_329.py,1412,256,32,2022-11-26
Pandas,module_330.py,1438,428,18,2022-11-27
NumPy,module_331.py,1775,484,44,2022-11-28
Requests,module_332.py,1803,356,28,2022-11-29
Pandas,module_333.py,908,351,11,2022-11-30
Django,module_334.py,550,493,1,2022-12-01
Flask,module_335.py,252,306,24,2022-12-02
NumPy,module_336.py,611,72,23,2022-12-03
Django,module_337.py,1615,173,16,2022-12-04
Requests,module_338.py,1964,238,11,2022-12-05
Django,module_339.py,609,132,21,2022-12-06
Requests,module_340.py,1549,99,2,2022-12-07
NumPy,module_341.py,385,330,46,2022-12-08
Flask,module_342.py,1804,188,25,2022-12-09
NumPy,module_343.py,391,235,31,2022-12-10
Requests,module_344.py,1615,425,47,2022-12-11
Django,module_345.py,786,497,22,2022-12-12
NumPy,module_346.py,1358,279,47,2022-12-13
Flask,module_347.py,565,437,5,2022-12-14
Flask,module_348.py,428,161,41,2022-12-15
Requests,module_349.py,918,362,24,2022-12-16
Django,module_350.py,1294,213,12,2022-12-17
Flask,module_351.py,766,20,18,2022-12-18
Flask,module_352.py,1104,104,22,2022-12-19
NumPy,module_353.py,250,277,33,2022-12-20
Requests,module_354.py,159,49,22,2022-12-21
Requests,module_355.py,1348,288,48,2022-12-22
Django,module_356.py,1059,116,15,2022-12-23
Flask,module_357.py,1027,374,47,2022-12-24
Pandas,module_358.py,916,152,18,2022-12-25
Requests,module_359.py,867,209,48,2022-12-26
Requests,module_360.py,1790,125,6,2022-12-27
NumPy,module_361.py,328,80,39,2022-12-28
Django,module_362.py,206,304,18,2022-12-29
Django,module_363.py,389,429,41,2022-12-30
Requests,module_364.py,414,235,21,2022-12-31
Flask,module_365.py,1421,383,12,2023-01-01
Pandas,module_366.py,1199,126,4,2023-01-02
Requests,module_367.py,534,137,31,2023-01-03
Pandas,module_368.py,943,228,49,2023-01-04
Pandas,module_369.py,88,4,26,2023-01-05
Django,module_370.py,50,44,20,2023-01-06
Flask,module_371.py,1552,25,35,2023-01-07
NumPy,module_372.py,984,213,14,2023-01-08
Flask,module_373.py,1004,88,13,2023-01-09
NumPy,module_374.py,1432,426,22,2023-01-10
Django,module_375.py,167,59,30,2023-01-11
Flask,module_376.py,412,314,7,2023-01-12
Requests,module_377.py,1539,200,31,2023-01-13
Pandas,module_378.py,305,421,16,2023-01-14
Requests,module_379.py,1763,112,33,2023-01-15
NumPy,module_380.py,411,479,27,2023-01-16
Requests,module_381.py,1040,75,17,2023-01-17
NumPy,module_382.py,396,243,43,2023-01-18
Django,module_383.py,1778,43,20,2023-01-19
Pandas,module_384.py,1131,274,20,2023-01-20
NumPy,module_385.py,1909,380,8,2023-01-21
Pandas,module_386.py,1802,346,32,2023-01-22
Requests,module_387.py,1067,474,10,2023-01-23
Requests,module_388.py,929,314,35,2023-01-24
NumPy,module_389.py,461,434,21,2023-01-25
NumPy,module_390.py,1110,363,0,2023-01-26
Requests,module_391.py,1490,366,11,2023-01-27
Pandas,module_392.py,1908,5,24,2023-01-28
Requests,module_393.py,131,461,16,2023-01-29
NumPy,module_394.py,292,405,26,2023-01-30
Pandas,module_395.py,1377,362,9,2023-01-31
NumPy,module_396.py,1847,207,16,2023-02-01
Django,module_397.py,969,22,18,2023-02-02
Requests,module_398.py,720,82,0,2023-02-03
Flask,module_399.py,658,161,23,2023-02-04
NumPy,module_400.py,912,443,23,2023-02-05
Django,module_401.py,1100,294,49,2023-02-06
Django,module_402.py,620,42,22,2023-02-07
Django,module_403.py,1271,410,19,2023-02-08
Pandas,module_404.py,341,202,26,2023-02-09
Flask,module_405.py,431,332,45,2023-02-10
Requests,module_406.py,1967,305,10,2023-02-11
Requests,module_407.py,684,174,10,2023-02-12
Requests,module_408.py,311,238,35,2023-02-13
Requests,module_409.py,1973,176,31,2023-02-14
NumPy,module_410.py,1778,451,7,2023-02-15
Requests,module_411.py,591,293,29,2023-02-16
Requests,module_412.py,1229,462,21,2023-02-17
NumPy,module_413.py,629,408,2,2023-02-18
Django,module_414.py,1243,157,16,2023-02-19
Flask,module_415.py,700,211,3,2023-02-20
NumPy,module_416.py,1986,222,27,2023-02-21
Flask,module_417.py,1982,342,41,2023-02-22
Pandas,module_418.py,1096,234,19,2023-02-23
Flask,module_419.py,941,101,21,2023-02-24
Django,module_420.py,129,451,44,2023-02-25
Django,module_421.py,1257,234,7,2023-02-26
NumPy,module_422.py,144,245,29,2023-02-27
Pandas,module_423.py,824,287,4,2023-02-28
Django,module_424.py,656,160,13,2023-03-01
Flask,module_425.py,892,113,37,2023-03-02
Requests,module_426.py,504,238,18,2023-03-03
Flask,module_427.py,1282,301,36,2023-03-04
Requests,module_428.py,1019,312,20,2023-03-05
Requests,module_429.py,1112,361,14,2023-03-06
Requests,module_430.py,624,413,15,2023-03-07
Pandas,module_431.py,1237,31,15,2023-03-08
Requests,module_432.py,1827,58,14,2023-03-09
Django,module_433.py,1750,337,30,2023-03-10
Requests,module_434.py,1519,155,31,2023-03-11
Flask,module_435.py,676,364,6,2023-03-12
NumPy,module_436.py,628,11,42,2023-03-13
Requests,module_437.py,660,467,1,2023-03-14
Django,module_438.py,896,163,49,2023-03-15
NumPy,module_439.py,1566,91,35,2023-03-16
Flask,module_440.py,849,5,38,2023-03-17
Requests,module_441.py,1770,1,34,2023-03-18
Flask,module_442.py,1342,18,15,2023-03-19
Requests,module_443.py,62,197,10,2023-03-20
Pandas,module_444.py,1273,35,9,2023-03-21
Django,module_445.py,1602,37,6,2023-03-22
Django,module_446.py,1209,126,33,2023-03-23
Django,module_447.py,1898,221,45,2023-03-24
Flask,module_448.py,437,100,30,2023-03-25
NumPy,module_449.py,148,144,34,2023-03-26
Requests,module_450.py,1771,17,40,2023-03-27
Django,module_451.py,774,281,29,2023-03-28
Flask,module_452.py,996,359,49,2023-03-29
Requests,module_453.py,965,379,28,2023-03-30
Requests,module_454.py,1146,411,25,2023-03-31
NumPy,module_455.py,1475,375,0,2023-04-01
Requests,module_456.py,1003,150,46,2023-04-02
Flask,module_457.py,1168,342,29,2023-04-03
NumPy,module_458.py,788,5,17,2023-04-04
NumPy,module_459.py,1710,97,1,2023-04-05
Flask,module_460.py,554,272,23,2023-04-06
Pandas,module_461.py,686,293,5,2023-04-07
Requests,module_462.py,1383,387,30,2023-04-08
Requests,module_463.py,1716,286,36,2023-04-09
Requests,module_464.py,1289,251,15,2023-04-10
NumPy,module_465.py,1433,216,31,2023-04-11
Flask,module_466.py,640,313,40,2023-04-12
Django,module_467.py,1248,445,16,2023-04-13
Pandas,module_468.py,1797,58,9,2023-04-14
Pandas,module_469.py,1891,219,11,2023-04-15
Django,module_470.py,1214,220,47,2023-04-16
Flask,module_471.py,617,260,46,2023-04-17
Pandas,module_472.py,1494,249,6,2023-04-18
Flask,module_473.py,1754,42,22,2023-04-19
NumPy,module_474.py,724,75,46,2023-04-20
Pandas,module_475.py,203,433,31,2023-04-21
Flask,module_476.py,593,172,21,2023-04-22
Requests,module_477.py,160,306,20,2023-04-23
Requests,module_478.py,1520,304,2,2023-04-24
Pandas,module_479.py,375,169,14,2023-04-25
Requests,module_480.py,1121,434,29,2023-04-26
Django,module_481.py,1721,407,26,2023-04-27
NumPy,module_482.py,1230,93,19,2023-04-28
Django,module_483.py,982,326,13,2023-04-29
NumPy,module_484.py,1377,286,2,2023-04-30
Flask,module_485.py,566,74,25,2023-05-01
Django,module_486.py,1542,464,26,2023-05-02
Requests,module_487.py,1716,191,25,2023-05-03
NumPy,module_488.py,1337,436,38,2023-05-04
Pandas,module_489.py,1193,223,24,2023-05-05
Pandas,module_490.py,161,146,10,2023-05-06
NumPy,module_491.py,184,428,24,2023-05-07
Pandas,module_492.py,1133,49,27,2023-05-08
NumPy,module_493.py,419,381,38,2023-05-09
Flask,module_494.py,1452,43,39,2023-05-10
Flask,module_495.py,564,418,33,2023-05-11
Requests,module_496.py,1708,298,40,2023-05-12
NumPy,module_497.py,661,409,35,2023-05-13
Flask,module_498.py,413,297,16,2023-05-14
Requests,module_499.py,1031,406,37,2023-05-15
Django,module_500.py,111,352,6,2023-05-16
Django,module_501.py,1721,232,17,2023-05-17
Django,module_502.py,1807,371,4,2023-05-18
Flask,module_503.py,62,388,39,2023-05-19
Pandas,module_504.py,773,270,22,2023-05-20
NumPy,module_505.py,1095,391,25,2023-05-21
NumPy,module_506.py,901,226,37,2023-05-22
Requests,module_507.py,278,430,26,2023-05-23
NumPy,module_508.py,267,308,8,2023-05-24
Flask,module_509.py,768,199,25,2023-05-25
Requests,module_510.py,1229,20,15,2023-05-26
Pandas,module_511.py,314,253,42,2023-05-27
Pandas,module_512.py,1299,166,49,2023-05-28
Requests,module_513.py,1984,1,28,2023-05-29
Pandas,module_514.py,1853,182,45,2023-05-30
Django,module_515.py,1368,202,30,2023-05-31
Requests,module_516.py,1560,324,14,2023-06-01
NumPy,module_517.py,1765,260,5,2023-06-02
Pandas,module_518.py,1430,429,18,2023-06-03
Requests,module_519.py,1463,136,5,2023-06-04
NumPy,module_520.py,1174,149,3,2023-06-05
Requests,module_521.py,1209,202,44,2023-06-06
Pandas,module_522.py,567,445,12,2023-06-07
Flask,module_523.py,1349,266,1,2023-06-08
Flask,module_524.py,582,263,12,2023-06-09
Django,module_525.py,1821,320,30,2023-06-10
Flask,module_526.py,1245,434,20,2023-06-11
Flask,module_527.py,1666,187,36,2023-06-12
Flask,module_528.py,1290,134,33,2023-06-13
Pandas,module_529.py,649,88,0,2023-06-14
NumPy,module_530.py,1232,58,4,2023-06-15
Flask,module_531.py,919,296,10,2023-06-16
Django,module_532.py,1410,218,38,2023-06-17
Pandas,module_533.py,332,206,44,2023-06-18
Requests,module_534.py,1923,174,48,2023-06-19
Requests,module_535.py,1155,498,48,2023-06-20
Django,module_536.py,512,243,39,2023-06-21
Pandas,module_537.py,99,62,41,2023-06-22
Flask,module_538.py,685,427,45,2023-06-23
Pandas,module_539.py,137,407,27,2023-06-24
Django,module_540.py,1237,271,35,2023-06-25
NumPy,module_541.py,121,174,20,2023-06-26
NumPy,module_542.py,386,336,20,2023-06-27
Django,module_543.py,850,44,10,2023-06-28
Requests,module_544.py,1481,45,39,2023-06-29
Flask,module_545.py,1741,208,28,2023-06-30
NumPy,module_546.py,1194,109,24,2023-07-01
Requests,module_547.py,1965,480,33,2023-07-02
Requests,module_548.py,1091,184,29,2023-07-03
Django,module_549.py,799,261,5,2023-07-04
Flask,module_550.py,1106,14,32,2023-07-05
Pandas,module_551.py,806,413,37,2023-07-06
Django,module_552.py,810,328,25,2023-07-07
Requests,module_553.py,1861,371,49,2023-07-08
NumPy,module_554.py,493,129,37,2023-07-09
Requests,module_555.py,742,266,25,2023-07-10
Django,module_556.py,632,317,35,2023-07-11
NumPy,module_557.py,1029,403,15,2023-07-12
NumPy,module_558.py,1912,138,13,2023-07-13
Requests,module_559.py,263,163,21,2023-07-14
Flask,module_560.py,1816,173,22,2023-07-15
Flask,module_561.py,1733,375,22,2023-07-16
Requests,module_562.py,1192,427,7,2023-07-17
Flask,module_563.py,1101,478,36,2023-07-18
Django,module_564.py,1997,306,8,2023-07-19
Flask,module_565.py,238,95,38,2023-07-20
NumPy,module_566.py,191,362,33,2023-07-21
Requests,module_567.py,1061,80,21,2023-07-22
Flask,module_568.py,820,117,35,2023-07-23
Django,module_569.py,1381,314,32,2023-07-24
Flask,module_570.py,1959,6,1,2023-07-25
Django,module_571.py,76,320,11,2023-07-26
Requests,module_572.py,462,173,24,2023-07-27
NumPy,module_573.py,347,253,38,2023-07-28
Django,module_574.py,1536,324,25,2023-07-29
Django,module_575.py,1086,140,30,2023-07-30
Pandas,module_576.py,321,436,17,2023-07-31
Django,module_577.py,881,350,20,2023-08-01
Django,module_578.py,456,267,5,2023-08-02
Requests,module_579.py,1333,193,44,2023-08-03
Requests,module_580.py,981,302,42,2023-08-04
Flask,module_581.py,1732,354,5,2023-08-05
NumPy,module_582.py,1786,370,23,2023-08-06
NumPy,module_583.py,217,250,10,2023-08-07
Requests,module_584.py,279,462,28,2023-08-08
Requests,module_585.py,491,417,2,2023-08-09
Flask,module_586.py,256,32,19,2023-08-10
Pandas,module_587.py,1378,324,12,2023-08-11
Flask,module_588.py,1754,439,34,2023-08-12
Pandas,module_589.py,244,241,25,2023-08-13
Flask,module_590.py,1943,168,23,2023-08-14
NumPy,module_591.py,953,160,41,2023-08-15
Pandas,module_592.py,380,43,24,2023-08-16
Pandas,module_593.py,839,281,11,2023-08-17
Flask,module_594.py,401,274,40,2023-08-18
Requests,module_595.py,496,222,7,2023-08-19
Flask,module_596.py,1775,465,13,2023-08-20
NumPy,module_597.py,759,458,29,2023-08-21
Flask,module_598.py,1143,30,0,2023-08-22
Flask,module_599.py,1550,22,21,2023-08-23
Flask,module_600.py,1665,230,21,2023-08-24
Flask,module_601.py,55,278,4,2023-08-25
Flask,module_602.py,1240,388,7,2023-08-26
Django,module_603.py,1725,205,26,2023-08-27
Pandas,module_604.py,608,327,22,2023-08-28
Django,module_605.py,292,177,20,2023-08-29
Flask,module_606.py,559,425,38,2023-08-30
Requests,module_607.py,1837,234,19,2023-08-31
NumPy,module_608.py,1608,34,21,2023-09-01
Flask,module_609.py,502,110,41,2023-09-02
NumPy,module_610.py,1117,368,22,2023-09-03
NumPy,module_611.py,1878,297,25,2023-09-04
Pandas,module_612.py,1837,461,19,2023-09-05
Flask,module_613.py,1632,370,19,2023-09-06
Pandas,module_614.py,866,379,40,2023-09-07
Flask,module_615.py,1762,204,40,2023-09-08
NumPy,module_616.py,1545,359,11,2023-09-09
Django,module_617.py,1536,395,15,2023-09-10
Django,module_618.py,750,407,17,2023-09-11
Django,module_619.py,378,490,6,2023-09-12
Pandas,module_620.py,501,394,7,2023-09-13
Django,module_621.py,492,406,15,2023-09-14
Django,module_622.py,1465,19,46,2023-09-15
Flask,module_623.py,754,397,46,2023-09-16
Pandas,module_624.py,1372,90,26,2023-09-17
Pandas,module_625.py,539,378,41,2023-09-18
Django,module_626.py,1730,335,30,2023-09-19
NumPy,module_627.py,1236,294,27,2023-09-20
Pandas,module_628.py,1266,379,16,2023-09-21
NumPy,module_629.py,150,192,24,2023-09-22
Django,module_630.py,722,28,35,2023-09-23
Pandas,module_631.py,418,221,25,2023-09-24
Django,module_632.py,767,211,12,2023-09-25
Pandas,module_633.py,880,139,17,2023-09-26
Flask,module_634.py,1803,477,36,2023-09-27
Django,module_635.py,1536,21,21,2023-09-28
NumPy,module_636.py,88,394,38,2023-09-29
Django,module_637.py,1433,313,14,2023-09-30
Pandas,module_638.py,837,43,0,2023-10-01
NumPy,module_639.py,209,191,49,2023-10-02
Pandas,module_640.py,1222,386,10,2023-10-03
Requests,module_641.py,1484,428,7,2023-10-04
Pandas,module_642.py,589,52,9,2023-10-05
Flask,module_643.py,554,479,29,2023-10-06
NumPy,module_644.py,944,199,28,2023-10-07
Pandas,module_645.py,159,405,43,2023-10-08
Pandas,module_646.py,1390,389,27,2023-10-09
NumPy,module_647.py,65,182,35,2023-10-10
Pandas,module_648.py,952,73,4,2023-10-11
Requests,module_649.py,578,293,17,2023-10-12
Pandas,module_650.py,477,338,23,2023-10-13
Requests,module_651.py,900,333,38,2023-10-14
Requests,module_652.py,1592,13,3,2023-10-15
Requests,module_653.py,606,434,17,2023-10-16
Flask,module_654.py,1828,99,12,2023-10-17
Flask,module_655.py,569,447,20,2023-10-18
Requests,module_656.py,1274,221,2,2023-10-19
NumPy,module_657.py,510,28,14,2023-10-20
Requests,module_658.py,1976,36,32,2023-10-21
Requests,module_659.py,1624,91,35,2023-10-22
Flask,module_660.py,1627,174,42,2023-10-23
Flask,module_661.py,455,132,44,2023-10-24
Flask,module_662.py,1934,120,30,2023-10-25
Pandas,module_663.py,514,426,25,2023-10-26
NumPy,module_664.py,1124,169,49,2023-10-27
Django,module_665.py,1518,224,30,2023-10-28
Pandas,module_666.py,237,174,37,2023-10-29
Django,module_667.py,1183,198,28,2023-10-30
Requests,module_668.py,143,451,44,2023-10-31
Requests,module_669.py,1873,108,2,2023-11-01
Django,module_670.py,429,330,17,2023-11-02
Pandas,module_671.py,1750,86,41,2023-11-03
NumPy,module_672.py,1020,202,17,2023-11-04
NumPy,module_673.py,1580,471,28,2023-11-05
NumPy,module_674.py,66,142,29,2023-11-06
Django,module_675.py,1844,386,1,2023-11-07
Pandas,module_676.py,1761,411,20,2023-11-08
NumPy,module_677.py,164,96,16,2023-11-09
Django,module_678.py,1932,273,8,2023-11-10
NumPy,module_679.py,1085,397,9,2023-11-11
Requests,module_680.py,677,259,22,2023-11-12
NumPy,module_681.py,270,210,12,2023-11-13
NumPy,module_682.py,348,415,48,2023-11-14
Flask,module_683.py,372,92,42,2023-11-15
Django,module_684.py,1198,488,13,2023-11-16
Requests,module_685.py,578,175,13,2023-11-17
Django,module_686.py,697,235,9,2023-11-18
Pandas,module_687.py,1762,432,45,2023-11-19
Requests,module_688.py,1148,407,16,2023-11-20
NumPy,module_689.py,861,125,41,2023-11-21
NumPy,module_690.py,1418,206,41,2023-11-22
NumPy,module_691.py,1364,187,45,2023-11-23
Requests,module_692.py,610,103,3,2023-11-24
Django,module_693.py,168,488,1,2023-11-25
Pandas,module_694.py,1586,317,30,2023-11-26
Requests,module_695.py,1706,131,15,2023-11-27
Requests,module_696.py,547,158,16,2023-11-28
Django,module_697.py,192,404,28,2023-11-29
NumPy,module_698.py,772,485,36,2023-11-30
Flask,module_699.py,675,356,12,2023-12-01
Requests,module_700.py,318,268,15,2023-12-02
Django,module_701.py,1179,487,7,2023-12-03
Django,module_702.py,1697,67,46,2023-12-04
Django,module_703.py,1601,42,30,2023-12-05
Django,module_704.py,366,242,47,2023-12-06
Django,module_705.py,1501,367,47,2023-12-07
Pandas,module_706.py,1332,315,35,2023-12-08
Flask,module_707.py,362,380,38,2023-12-09
Requests,module_708.py,1835,418,3,2023-12-10
Requests,module_709.py,350,105,2,2023-12-11
NumPy,module_710.py,175,305,36,2023-12-12
Pandas,module_711.py,1512,450,28,2023-12-13
Pandas,module_712.py,63,263,19,2023-12-14
Pandas,module_713.py,1467,7,47,2023-12-15
Flask,module_714.py,1067,28,36,2023-12-16
Requests,module_715.py,1998,266,26,2023-12-17
Flask,module_716.py,1820,417,5,2023-12-18
Django,module_717.py,1090,179,13,2023-12-19
NumPy,module_718.py,1582,345,3,2023-12-20
NumPy,module_719.py,85,197,0,2023-12-21
Requests,module_720.py,688,458,41,2023-12-22
Requests,module_721.py,141,306,44,2023-12-23
Pandas,module_722.py,1018,193,10,2023-12-24
Django,module_723.py,1720,370,23,2023-12-25
Django,module_724.py,1376,46,49,2023-12-26
Flask,module_725.py,1141,455,30,2023-12-27
NumPy,module_726.py,340,193,21,2023-12-28
Pandas,module_727.py,1786,228,10,2023-12-29
Requests,module_728.py,112,246,11,2023-12-30
Pandas,module_729.py,1463,431,31,2023-12-31
Requests,module_730.py,1682,218,17,2024-01-01
NumPy,module_731.py,998,231,7,2024-01-02
Pandas,module_732.py,763,385,23,2024-01-03
NumPy,module_733.py,1981,338,49,2024-01-04
Django,module_734.py,1819,103,19,2024-01-05
Flask,module_735.py,1044,5,1,2024-01-06
Requests,module_736.py,1657,490,38,2024-01-07
Flask,module_737.py,810,407,5,2024-01-08
Flask,module_738.py,1728,408,17,2024-01-09
Requests,module_739.py,158,111,27,2024-01-10
Pandas,module_740.py,573,158,28,2024-01-11
Requests,module_741.py,1700,25,33,2024-01-12
Requests,module_742.py,1799,12,32,2024-01-13
Requests,module_743.py,358,352,39,2024-01-14
Requests,module_744.py,407,125,18,2024-01-15
NumPy,module_745.py,1465,6,14,2024-01-16
Pandas,module_746.py,784,70,5,2024-01-17
NumPy,module_747.py,1954,34,33,2024-01-18
Flask,module_748.py,1970,137,29,2024-01-19
Requests,module_749.py,1708,179,1,2024-01-20
Requests,module_750.py,67,388,2,2024-01-21
NumPy,module_751.py,1652,55,10,2024-01-22
Requests,module_752.py,61,421,6,2024-01-23
Pandas,module_753.py,1526,466,3,2024-01-24
Pandas,module_754.py,617,367,37,2024-01-25
Django,module_755.py,1548,391,28,2024-01-26
NumPy,module_756.py,358,455,19,2024-01-27
Flask,module_757.py,60,365,0,2024-01-28
Pandas,module_758.py,1244,183,45,2024-01-29
Django,module_759.py,571,306,32,2024-01-30
NumPy,module_760.py,1778,119,47,2024-01-31
Flask,module_761.py,1446,101,9,2024-02-01
Django,module_762.py,359,364,28,2024-02-02
Requests,module_763.py,1633,125,25,2024-02-03
Requests,module_764.py,481,166,12,2024-02-04
Requests,module_765.py,1203,332,40,2024-02-05
NumPy,module_766.py,758,105,3,2024-02-06
Django,module_767.py,1810,459,27,2024-02-07
Pandas,module_768.py,1219,437,13,2024-02-08
Pandas,module_769.py,1791,456,19,2024-02-09
NumPy,module_770.py,1975,169,41,2024-02-10
NumPy,module_771.py,1514,465,4,2024-02-11
Pandas,module_772.py,1758,404,27,2024-02-12
NumPy,module_773.py,655,485,47,2024-02-13
Pandas,module_774.py,1578,231,35,2024-02-14
Django,module_775.py,1467,77,10,2024-02-15
Requests,module_776.py,554,207,16,2024-02-16
Requests,module_777.py,1878,75,26,2024-02-17
NumPy,module_778.py,125,79,17,2024-02-18
Requests,module_779.py,1797,350,44,2024-02-19
NumPy,module_780.py,1623,46,17,2024-02-20
Requests,module_781.py,1284,74,21,2024-02-21
Django,module_782.py,1329,475,28,2024-02-22
Pandas,module_783.py,1573,477,25,2024-02-23
NumPy,module_784.py,1671,460,47,2024-02-24
Pandas,module_785.py,1784,53,17,2024-02-25
NumPy,module_786.py,753,491,23,2024-02-26
Flask,module_787.py,1477,457,40,2024-02-27
NumPy,module_788.py,734,440,35,2024-02-28
Flask,module_789.py,853,316,37,2024-02-29
Requests,module_790.py,953,431,2,2024-03-01
Flask,module_791.py,834,224,34,2024-03-02
Requests,module_792.py,1080,16,46,2024-03-03
Pandas,module_793.py,480,201,24,2024-03-04
Requests,module_794.py,1787,3,12,2024-03-05
Requests,module_795.py,1695,333,14,2024-03-06
NumPy,module_796.py,1329,67,27,2024-03-07
Flask,module_797.py,1494,331,35,2024-03-08
Flask,module_798.py,424,160,23,2024-03-09
Pandas,module_799.py,1611,307,31,2024-03-10
Flask,module_800.py,445,221,7,2024-03-11
NumPy,module_801.py,1990,93,22,2024-03-12
Flask,module_802.py,1361,51,29,2024-03-13
Requests,module_803.py,1373,134,24,2024-03-14
Pandas,module_804.py,328,90,39,2024-03-15
Django,module_805.py,859,291,36,2024-03-16
Pandas,module_806.py,365,191,15,2024-03-17
Flask,module_807.py,1968,17,44,2024-03-18
Requests,module_808.py,1120,192,18,2024-03-19
Requests,module_809.py,760,337,10,2024-03-20
Requests,module_810.py,208,119,38,2024-03-21
Flask,module_811.py,957,273,29,2024-03-22
Pandas,module_812.py,1585,488,11,2024-03-23
Pandas,module_813.py,1743,270,45,2024-03-24
Django,module_814.py,1979,439,22,2024-03-25
Django,module_815.py,1068,110,19,2024-03-26
Requests,module_816.py,1227,10,43,2024-03-27
Requests,module_817.py,190,215,20,2024-03-28
Flask,module_818.py,558,441,5,2024-03-29
NumPy,module_819.py,1701,190,18,2024-03-30
NumPy,module_820.py,421,335,48,2024-03-31
Pandas,module_821.py,1087,364,12,2024-04-01
Django,module_822.py,1139,199,34,2024-04-02
Flask,module_823.py,731,13,42,2024-04-03
Pandas,module_824.py,613,104,34,2024-04-04
Django,module_825.py,1727,29,34,2024-04-05
Flask,module_826.py,1023,98,31,2024-04-06
NumPy,module_827.py,1095,124,40,2024-04-07
Django,module_828.py,1434,313,9,2024-04-08
Pandas,module_829.py,1929,200,29,2024-04-09
Requests,module_830.py,649,281,38,2024-04-10
Flask,module_831.py,1583,345,41,2024-04-11
Requests,module_832.py,1943,421,23,2024-04-12
Django,module_833.py,1690,268,5,2024-04-13
Django,module_834.py,905,269,8,2024-04-14
Pandas,module_835.py,1941,242,9,2024-04-15
Flask,module_836.py,264,476,13,2024-04-16
NumPy,module_837.py,60,161,28,2024-04-17
Requests,module_838.py,1013,67,31,2024-04-18
Pandas,module_839.py,277,197,12,2024-04-19
Pandas,module_840.py,85,97,6,2024-04-20
NumPy,module_841.py,1346,188,32,2024-04-21
Pandas,module_842.py,1276,81,14,2024-04-22
Pandas,module_843.py,1081,168,4,2024-04-23
Django,module_844.py,369,103,12,2024-04-24
NumPy,module_845.py,1975,366,11,2024-04-25
Django,module_846.py,539,430,44,2024-04-26
Django,module_847.py,90,261,47,2024-04-27
NumPy,module_848.py,267,406,8,2024-04-28
Django,module_849.py,1103,167,10,2024-04-29
Requests,module_850.py,491,152,2,2024-04-30
Flask,module_851.py,1265,391,4,2024-05-01
Requests,module_852.py,1951,271,24,2024-05-02
Django,module_853.py,648,203,16,2024-05-03
Pandas,module_854.py,1090,444,15,2024-05-04
Flask,module_855.py,1775,164,15,2024-05-05
NumPy,module_856.py,592,268,32,2024-05-06
Requests,module_857.py,113,182,35,2024-05-07
Flask,module_858.py,1380,131,18,2024-05-08
NumPy,module_859.py,1196,215,2,2024-05-09
NumPy,module_860.py,1238,303,22,2024-05-10
Flask,module_861.py,81,374,13,2024-05-11
Flask,module_862.py,146,364,45,2024-05-12
Pandas,module_863.py,1213,392,6,2024-05-13
NumPy,module_864.py,1596,188,33,2024-05-14
Django,module_865.py,1746,37,0,2024-05-15
Flask,module_866.py,962,112,42,2024-05-16
Requests,module_867.py,1952,281,43,2024-05-17
Flask,module_868.py,1772,135,46,2024-05-18
NumPy,module_869.py,419,499,43,2024-05-19
Django,module_870.py,1271,201,3,2024-05-20
Django,module_871.py,1058,492,17,2024-05-21
NumPy,module_872.py,1248,321,0,2024-05-22
Django,module_873.py,1426,222,32,2024-05-23
Pandas,module_874.py,1204,366,22,2024-05-24
Requests,module_875.py,1714,469,22,2024-05-25
Flask,module_876.py,1622,159,0,2024-05-26
Requests,module_877.py,1489,305,18,2024-05-27
Django,module_878.py,51,9,47,2024-05-28
Flask,module_879.py,715,82,8,2024-05-29
NumPy,module_880.py,1457,380,12,2024-05-30
Flask,module_881.py,1269,118,40,2024-05-31
Requests,module_882.py,72,197,37,2024-06-01
Pandas,module_883.py,1450,449,31,2024-06-02
Requests,module_884.py,1808,274,48,2024-06-03
Requests,module_885.py,1835,70,28,2024-06-04
Requests,module_886.py,1680,298,3,2024-06-05
Django,module_887.py,380,385,45,2024-06-06
Pandas,module_888.py,546,251,40,2024-06-07
Pandas,module_889.py,1023,254,38,2024-06-08
Requests,module_890.py,165,242,28,2024-06-09
Django,module_891.py,561,112,1,2024-06-10
Django,module_892.py,1503,136,7,2024-06-11
Django,module_893.py,611,174,18,2024-06-12
NumPy,module_894.py,1014,305,38,2024-06-13
NumPy,module_895.py,126,65,43,2024-06-14
Flask,module_896.py,1964,173,6,2024-06-15
Flask,module_897.py,1968,107,17,2024-06-16
Django,module_898.py,1894,399,19,2024-06-17
Requests,module_899.py,905,68,15,2024-06-18
NumPy,module_900.py,1345,238,23,2024-06-19
Pandas,module_901.py,1993,303,33,2024-06-20
Flask,module_902.py,1630,486,8,2024-06-21
Django,module_903.py,1062,355,9,2024-06-22
Flask,module_904.py,1605,59,20,2024-06-23
Pandas,module_905.py,394,77,0,2024-06-24
Django,module_906.py,70,274,22,2024-06-25
Pandas,module_907.py,1728,109,26,2024-06-26
Django,module_908.py,1127,28,41,2024-06-27
Requests,module_909.py,1393,317,28,2024-06-28
NumPy,module_910.py,1950,103,18,2024-06-29
Requests,module_911.py,1008,377,15,2024-06-30
Pandas,module_912.py,1406,64,30,2024-07-01
Pandas,module_913.py,1986,188,21,2024-07-02
Flask,module_914.py,491,220,45,2024-07-03
Pandas,module_915.py,1588,464,5,2024-07-04
Flask,module_916.py,1242,484,1,2024-07-05
Requests,module_917.py,1086,459,32,2024-07-06
Django,module_918.py,1077,290,29,2024-07-07
NumPy,module_919.py,983,300,10,2024-07-08
Django,module_920.py,170,323,14,2024-07-09
Flask,module_921.py,94,403,28,2024-07-10
Django,module_922.py,1416,204,4,2024-07-11
Requests,module_923.py,736,354,30,2024-07-12
Django,module_924.py,968,424,18,2024-07-13
NumPy,module_925.py,165,299,47,2024-07-14
Flask,module_926.py,470,60,37,2024-07-15
Django,module_927.py,1135,282,13,2024-07-16
Django,module_928.py,1262,375,49,2024-07-17
Requests,module_929.py,489,313,36,2024-07-18
Requests,module_930.py,1937,314,43,2024-07-19
Django,module_931.py,1273,486,9,2024-07-20
Django,module_932.py,332,281,20,2024-07-21
Pandas,module_933.py,1256,125,37,2024-07-22
Requests,module_934.py,1026,201,27,2024-07-23
Django,module_935.py,626,476,24,2024-07-24
NumPy,module_936.py,1308,412,42,2024-07-25
NumPy,module_937.py,1957,199,45,2024-07-26
Requests,module_938.py,1634,86,8,2024-07-27
Requests,module_939.py,1012,447,24,2024-07-28
NumPy,module_940.py,223,332,17,2024-07-29
Django,module_941.py,1722,164,9,2024-07-30
Pandas,module_942.py,1561,97,33,2024-07-31
Pandas,module_943.py,281,78,28,2024-08-01
Django,module_944.py,308,455,35,2024-08-02
Flask,module_945.py,646,316,12,2024-08-03
Django,module_946.py,991,142,35,2024-08-04
Requests,module_947.py,414,114,3,2024-08-05
Flask,module_948.py,1575,89,16,2024-08-06
Requests,module_949.py,774,425,5,2024-08-07
Pandas,module_950.py,69,348,39,2024-08-08
Requests,module_951.py,445,480,1,2024-08-09
Requests,module_952.py,1746,499,3,2024-08-10
Flask,module_953.py,1579,295,49,2024-08-11
Requests,module_954.py,1951,172,10,2024-08-12
Pandas,module_955.py,802,222,34,2024-08-13
Flask,module_956.py,1432,413,31,2024-08-14
NumPy,module_957.py,1863,34,9,2024-08-15
Flask,module_958.py,109,436,4,2024-08-16
Flask,module_959.py,1762,88,32,2024-08-17
NumPy,module_960.py,1886,286,30,2024-08-18
Django,module_961.py,703,374,7,2024-08-19
Requests,module_962.py,1676,42,21,2024-08-20
Requests,module_963.py,335,225,35,2024-08-21
Requests,module_964.py,352,189,38,2024-08-22
Flask,module_965.py,1491,262,0,2024-08-23
Pandas,module_966.py,878,414,14,2024-08-24
Flask,module_967.py,788,131,32,2024-08-25
NumPy,module_968.py,64,115,49,2024-08-26
Pandas,module_969.py,479,34,45,2024-08-27
Flask,module_970.py,1680,481,37,2024-08-28
NumPy,module_971.py,1525,231,27,2024-08-29
NumPy,module_972.py,473,159,24,2024-08-30
NumPy,module_973.py,1790,321,2,2024-08-31
Django,module_974.py,268,323,34,2024-09-01
Django,module_975.py,1363,47,8,2024-09-02
Django,module_976.py,1446,179,35,2024-09-03
NumPy,module_977.py,1985,254,39,2024-09-04
NumPy,module_978.py,1338,366,36,2024-09-05
Flask,module_979.py,1622,199,34,2024-09-06
Django,module_980.py,1805,25,26,2024-09-07
NumPy,module_981.py,349,389,48,2024-09-08
Django,module_982.py,1970,139,12,2024-09-09
Flask,module_983.py,747,7,23,2024-09-10
Pandas,module_984.py,193,38,49,2024-09-11
Pandas,module_985.py,1111,173,31,2024-09-12
Pandas,module_986.py,1577,493,11,2024-09-13
NumPy,module_987.py,387,272,2,2024-09-14
Requests,module_988.py,1804,283,21,2024-09-15
Django,module_989.py,1571,204,6,2024-09-16
Flask,module_990.py,1501,471,4,2024-09-17
Django,module_991.py,619,89,34,2024-09-18
NumPy,module_992.py,398,253,16,2024-09-19
Django,module_993.py,1838,204,12,2024-09-20
Flask,module_994.py,167,415,9,2024-09-21
NumPy,module_995.py,1290,382,35,2024-09-22
Requests,module_996.py,1333,149,16,2024-09-23
NumPy,module_997.py,614,145,33,2024-09-24
Flask,module_998.py,979,188,38,2024-09-25
Requests,module_999.py,1084,241,11,2024-09-26
